﻿<?xml version="1.0" encoding="utf-8"?>
<Store xmlns:i="http://www.w3.org/2001/XMLSchema-instance" xmlns="AtmelPackComponentManagement">
	<ProjectComponents>
		<ProjectComponent z:Id="i1" xmlns:z="http://schemas.microsoft.com/2003/10/Serialization/">
			<CApiVersion></CApiVersion>
			<CBundle></CBundle>
			<CClass>Device</CClass>
			<CGroup>Startup</CGroup>
			<CSub></CSub>
			<CVariant></CVariant>
			<CVendor>Atmel</CVendor>
			<CVersion>1.3.0</CVersion>
			<DefaultRepoPath>C:/Program Files\Atmel\Studio\7.0\Packs</DefaultRepoPath>
			<DependentComponents xmlns:d4p1="http://schemas.microsoft.com/2003/10/Serialization/Arrays" />
			<Description></Description>
			<Files xmlns:d4p1="http://schemas.microsoft.com/2003/10/Serialization/Arrays">
				<d4p1:anyType i:type="FileInfo">
					<AbsolutePath>C:/Program Files\Atmel\Studio\7.0\Packs\atmel\ATtiny_DFP\1.3.229\avrasm\inc</AbsolutePath>
					<Attribute></Attribute>
					<Category>include</Category>
					<Condition>AVRASM</Condition>
					<FileContentHash i:nil="true" />
					<FileVersion></FileVersion>
					<Name>avrasm/inc</Name>
					<SelectString></SelectString>
					<SourcePath></SourcePath>
				</d4p1:anyType>
				<d4p1:anyType i:type="FileInfo">
					<AbsolutePath>C:/Program Files\Atmel\Studio\7.0\Packs\atmel\ATtiny_DFP\1.3.229\avrasm\inc\tn804def.inc</AbsolutePath>
					<Attribute></Attribute>
					<Category>header</Category>
					<Condition>AVRASM</Condition>
					<FileContentHash>kffaXQBNXT/gg0hNCo2HxA==</FileContentHash>
					<FileVersion></FileVersion>
					<Name>avrasm/inc/tn804def.inc</Name>
					<SelectString></SelectString>
					<SourcePath></SourcePath>
				</d4p1:anyType>
				<d4p1:anyType i:type="FileInfo">
					<AbsolutePath>C:/Program Files\Atmel\Studio\7.0\Packs\atmel\ATtiny_DFP\1.3.229\avrasm\templates\main.asm</AbsolutePath>
					<Attribute>template</Attribute>
					<Category>source</Category>
					<Condition>AVRASM</Condition>
					<FileContentHash>b+S04MRdmwqDe/8dRrQeMA==</FileContentHash>
					<FileVersion></FileVersion>
					<Name>avrasm/templates/main.asm</Name>
					<SelectString>Main file (.asm)</SelectString>
					<SourcePath></SourcePath>
				</d4p1:anyType>
			</Files>
			<PackName>ATtiny_DFP</PackName>
			<PackPath>C:/Program Files/Atmel/Studio/7.0/Packs/atmel/ATtiny_DFP/1.3.229/Atmel.ATtiny_DFP.pdsc</PackPath>
			<PackVersion>1.3.229</PackVersion>
			<PresentInProject>true</PresentInProject>
			<ReferenceConditionId>ATtiny804</ReferenceConditionId>
			<RteComponents xmlns:d4p1="http://schemas.microsoft.com/2003/10/Serialization/Arrays">
				<d4p1:string></d4p1:string>
			</RteComponents>
			<Status>Resolved</Status>
			<VersionMode>Fixed</VersionMode>
			<IsComponentInAtProject>true</IsComponentInAtProject>
		</ProjectComponent>
	</ProjectComponents>
</Store>